Words,Theme
blockparty,easteregg
gravriders,easteregg
ascension,easteregg
chessrancher,easteregg
arena,sports
athletic,sports
club,sports
boxing,sports
gymnastics,sports
swimming,sports
golf,sports
field,sports
disc,sports
championship,sports
player,sports
racket,sports
tournament,sports
team,sports
medal,sports
lacrosse,sports
exercise,sports
endurance,sports
event,sports
tennis,sports
sailing,sports
goal,sports
lap,sports
penalty,sports
yoga,sports
archery,sports
football,sports
rugby,sports
squash,sports
hockey,sports
gym,sports
game,sports
track,sports
training,sports
coach,sports
match,sports
referee,sports
trophy,sports
stadium,sports
weight,sports
competition,sports
fan,sports
hurdles,sports
soccer,sports
sprint,sports
net,sports
cricket,sports
basketball,sports
cycling,sports
league,sports
muscle,sports
soccer,sports
football,sports
basketball,sports
baseball,sports
tennis,sports
golf,sports
cricket,sports
rugby,sports
volleyball,sports
handball,sports
hockey,sports
ice hockey,sports
field hockey,sports
lacrosse,sports
badminton,sports
table tennis,sports
ping pong,sports
squash,sports
futsal,sports
netball,sports
pickleball,sports
softball,sports
gaelic football,sports
aussie rules,sports
camogie,sports
hurling,sports
polo,sports
water polo,sports
kabaddi,sports
sumo,sports
bowling,sports
curling,sports
floorball,sports
bandy,sports
beach volleyball,sports
track and field,sports
marathon,sports
half marathon,sports
cross country,sports
sprint,sports
relay,sports
hurdles,sports
steeplechase,sports
pole vault,sports
long jump,sports
triple jump,sports
high jump,sports
shot put,sports
discus,sports
hammer throw,sports
javelin,sports
decathlon,sports
heptathlon,sports
pentathlon,sports
race walking,sports
skiing,sports
alpine skiing,sports
nordic skiing,sports
cross-country skiing,sports
biathlon,sports
ski jumping,sports
snowboarding,sports
freestyle skiing,sports
moguls,sports
speed skating,sports
short track,sports
figure skating,sports
bobsleigh,sports
luge,sports
skeleton,sports
ice climbing,sports
ice fishing,sports
ice dancing,sports
curling stone,sports
swimming,sports
diving,sports
springboard,sports
platform diving,sports
synchronized swimming,sports
surfing,sports
windsurfing,sports
kiteboarding,sports
jet skiing,sports
wakeboarding,sports
water skiing,sports
canoeing,sports
kayaking,sports
rafting,sports
rowing,sports
stand-up paddleboarding,sports
sailing,sports
yachting,sports
dragon boat,sports
bodyboarding,sports
boxing,sports
kickboxing,sports
muay thai,sports
taekwondo,sports
karate,sports
judo,sports
jiu-jitsu,sports
brazilian jiu-jitsu,sports
wrestling,sports
freestyle wrestling,sports
greco-roman wrestling,sports
fencing,sports
savate,sports
hapkido,sports
aikido,sports
krav maga,sports
kung fu,sports
wushu,sports
capoeira,sports
mma,sports
mixed martial arts,sports
sumo wrestling,sports
sambo,sports
kendo,sports
skateboarding,sports
inline skating,sports
rollerblading,sports
bmx,sports
motocross,sports
freestyle motocross,sports
snowmobiling,sports
base jumping,sports
wingsuit flying,sports
parachuting,sports
skydiving,sports
free climbing,sports
bouldering,sports
rock climbing,sports
mountain biking,sports
downhill mountain biking,sports
enduro,sports
parkour,sports
spartan race,sports
tough mudder,sports
ultramarathon,sports
ice cross downhill,sports
horse racing,sports
show jumping,sports
dressage,sports
equestrian,sports
polo pony,sports
steeplechase,sports
eventing,sports
barrel racing,sports
rodeo,sports
bull riding,sports
bronco riding,sports
ball,sports
bat,sports
racket,sports
paddle,sports
club,sports
stick,sports
helmet,sports
glove,sports
boxing gloves,sports
mouthguard,sports
knee pads,sports
shin guards,sports
cleats,sports
spikes,sports
gym shoes,sports
jersey,sports
uniform,sports
bib,sports
goggles,sports
swim cap,sports
goal net,sports
hoop,sports
net,sports
basket,sports
pin,sports
lane,sports
bowling ball,sports
bowling pin,sports
cue stick,sports
cue ball,sports
dartboard,sports
arrow,sports
bow,sports
fencing sword,sports
foil,sports
epee,sports
sabre,sports
kayak paddle,sports
canoe paddle,sports
life vest,sports
surfboard,sports
longboard,sports
skateboard,sports
snowboard,sports
ski poles,sports
ski boots,sports
sled,sports
bobsled,sports
skeleton sled,sports
stadium,sports
arena,sports
court,sports
pitch,sports
field,sports
track,sports
ring,sports
octagon,sports
gymnasium,sports
pool,sports
rink,sports
velodrome,sports
bowling alley,sports
golf course,sports
fairway,sports
green,sports
bunker,sports
range,sports
driving range,sports
bullpen,sports
dugout,sports
locker room,sports
clubhouse,sports
penalty box,sports
sideline,sports
touchline,sports
end zone,sports
goal line,sports
three-point line,sports
free-throw line,sports
paint,sports
key,sports
service box,sports
baseline,sports
foul line,sports
backboard,sports
bleachers,sports
terrace,sports
grandstand,sports
player,sports
athlete,sports
captain,sports
coach,sports
manager,sports
referee,sports
umpire,sports
linesman,sports
line judge,sports
official,sports
trainer,sports
mascot,sports
spectator,sports
fan,sports
quarterback,sports
running back,sports
wide receiver,sports
tight end,sports
lineman,sports
linebacker,sports
cornerback,sports
safety,sports
kicker,sports
punter,sports
pitcher,sports
catcher,sports
infielder,sports
outfielder,sports
shortstop,sports
first baseman,sports
second baseman,sports
third baseman,sports
point guard,sports
shooting guard,sports
small forward,sports
power forward,sports
center,sports
goalkeeper,sports
defender,sports
midfielder,sports
forward,sports
winger,sports
striker,sports
center back,sports
sweeper,sports
fullback,sports
wingback,sports
hooker,sports
prop,sports
scrum half,sports
fly half,sports
lock,sports
flanker,sports
number eight,sports
goalie,sports
designated hitter,sports
olympics,sports
summer olympics,sports
winter olympics,sports
world cup,sports
fifa world cup,sports
uefa champions league,sports
super bowl,sports
world series,sports
nba finals,sports
stanley cup,sports
the ashes,sports
cricket world cup,sports
rugby world cup,sports
wimbledon,sports
us open tennis,sports
australian open,sports
french open,sports
roland garros,sports
tour de france,sports
giro d'italia,sports
vuelta a espana,sports
boston marathon,sports
london marathon,sports
new york marathon,sports
masters tournament,sports
pga championship,sports
the open championship,sports
ryder cup,sports
solheim cup,sports
world athletics championships,sports
diamond league,sports
u.s. gymnastics championships,sports
nba draft,sports
nfl draft,sports
cycling,sports
track cycling,sports
mountain biking,sports
bmx freestyle,sports
bmx racing,sports
road race,sports
time trial,sports
peloton,sports
pit stop,sports
formula one,sports
indycar,sports
nascar,sports
rally,sports
superbike,sports
motogp,sports
drifting,sports
grand prix,sports
le mans,sports
touring car,sports
kart racing,sports
dribble,sports
serve,sports
forehand,sports
backhand,sports
volley,sports
lob,sports
smash,sports
ace,sports
slam dunk,sports
layup,sports
three-pointer,sports
rebound,sports
block,sports
steal,sports
foul,sports
penalty,sports
corner kick,sports
free kick,sports
offside,sports
onside,sports
own goal,sports
goal kick,sports
drop shot,sports
flick,sports
tackle,sports
interception,sports
pass,sports
assist,sports
header,sports
chest pass,sports
bounce pass,sports
alley-oop,sports
fast break,sports
turnover,sports
power play,sports
check,sports
icing,sports
offsides,sports
faceoff,sports
body check,sports
scrum,sports
lineout,sports
maul,sports
ruck,sports
conversion,sports
knock on,sports
try,sports
goal,sports
strike,sports
spare,sports
turkey,sports
strikeout,sports
home run,sports
grand slam,sports
double,sports
triple,sports
walk,sports
steal base,sports
tag out,sports
pinch hitter,sports
pinch runner,sports
platoon,sports
bunt,sports
ground ball,sports
fly ball,sports
pop fly,sports
fielder's choice,sports
fielder,sports
goal attempt,sports
shot on goal,sports
save,sports
cross,sports
free throw,sports
blocking foul,sports
charging,sports
double dribble,sports
traveling,sports
jump ball,sports
tip off,sports
shot clock,sports
zone defense,sports
man-to-man,sports
red card,sports
yellow card,sports
booking,sports
caution,sports
advantage,sports
love,sports
deuce,sports
advantage in,sports
advantage out,sports
match point,sports
break point,sports
set point,sports
double fault,sports
foot fault,sports
tie-break,sports
spin,sports
lob shot,sports
gym,sports
weightlifting,sports
powerlifting,sports
bodybuilding,sports
crossfit,sports
running,sports
jogging,sports
sprinting,sports
interval training,sports
high-intensity interval training,sports
plyometrics,sports
circuit training,sports
yoga,sports
pilates,sports
aerobics,sports
cycling workout,sports
treadmill,sports
elliptical,sports
stationary bike,sports
rowing machine,sports
strength training,sports
endurance training,sports
cardio,sports
personal trainer,sports
warm-up,sports
cool-down,sports
stretching,sports
reps,sports
sets,sports
max rep,sports
bench press,sports
squat,sports
deadlift,sports
clean and jerk,sports
snatch,sports
pull-up,sports
push-up,sports
sit-up,sports
crunch,sports
plank,sports
burpee,sports
jumping jack,sports
lunge,sports
compound exercise,sports
isolation exercise,sports
conditioning,sports
agility training,sports
speed ladder,sports
hurdle drills,sports
physical therapy,sports
sports medicine,sports
rehabilitation,sports
sprain,sports
strain,sports
fracture,sports
dislocation,sports
acl tear,sports
mcl tear,sports
rotator cuff,sports
tennis elbow,sports
golfer's elbow,sports
shin splints,sports
concussion,sports
whiplash,sports
hamstring pull,sports
groin strain,sports
ankle sprain,sports
taping,sports
ice pack,sports
massage therapy,sports
chiropractic,sports
recovery,sports
rest,sports
compression,sports
elevation,sports
injury prevention,sports
strengthening exercises,sports
balance training,sports
range of motion,sports
scoreboard,sports
leaderboard,sports
overtime,sports
sudden death,sports
penalty shootout,sports
golden goal,sports
points,sports
goals,sports
touchdown,sports
field goal,sports
conversion kick,sports
extra point,sports
try conversion,sports
scorecard,sports
tiebreaker,sports
draw,sports
tie,sports
win,sports
loss,sports
victory,sports
defeat,sports
rank,sports
standings,sports
table,sports
playoffs,sports
semifinal,sports
quarterfinal,sports
round of,sports
group stage,sports
knockout stage,sports
final,sports
champion,sports
runner-up,sports
podium,sports
medal,sports
gold medal,sports
silver medal,sports
bronze medal,sports
award ceremony,sports
trophy,sports
cup,sports
clinch,sports
seed,sports
top seed,sports
bracket,sports
sportsmanship,sports
fair play,sports
teamwork,sports
discipline,sports
respect,sports
competition,sports
training,sports
practice,sports
drill,sports
strategy,sports
tactics,sports
formation,sports
playbook,sports
set play,sports
sports psychology,sports
visualization,sports
motivation,sports
team spirit,sports
captaincy,sports
leadership,sports
sports nutrition,sports
hydration,sports
electrolytes,sports
carb loading,sports
protein intake,sports
pre-workout,sports
post-workout,sports
recovery meal,sports
rest day,sports
periodization,sports
peak performance,sports
mental toughness,sports
goal setting,sports
intervals,sports
tempo run,sports
focus,sports
perseverance,sports
competition day,sports
tournament,sports
season,sports
off-season,sports
pre-season,sports
playoff season,sports
all-star game,sports
draft,sports
trade,sports
transfer window,sports
free agent,sports
contract,sports
endorsement,sports
sports agent,sports
sports marketing,sports
sports science,sports
doping test,sports
drug test,sports
anti-doping,sports
wada,sports
banned substances,sports
clean sport,sports
record,sports
world record,sports
personal best,sports
season best,sports
match fixing,sports
gambling,sports
odds,sports
betting,sports
bookmaker,sports
fan zone,sports
gymnastics,sports
artistic gymnastics,sports
rhythmic gymnastics,sports
vault,sports
uneven bars,sports
balance beam,sports
floor exercise,sports
pommel horse,sports
rings,sports
horizontal bar,sports
parallel bars,sports
trampoline,sports
routine,sports
dismount,sports
landing,sports
split,sports
tumbling,sports
leotard,sports
chalk,sports
grip,sports
judging panel,sports
rowing crew,sports
coxswain,sports
scull,sports
oar,sports
regatta,sports
lane markers,sports
buoy,sports
marina,sports
harbor,sports
helm,sports
tiller,sports
rudder,sports
mast,sports
boom,sports
mainsail,sports
jib,sports
spinnaker,sports
port tack,sports
starboard tack,sports
capsize,sports
life jacket,sports
scuba diving,sports
snorkeling,sports
freediving,sports
spearfishing,sports
mountaineering,sports
expedition,sports
summit,sports
ascent,sports
descent,sports
belay,sports
rappel,sports
carabiner,sports
harness,sports
chalk bag,sports
crampons,sports
ice axe,sports
anchor,sports
lead climbing,sports
top rope,sports
multi-pitch,sports
pitch,sports
crevasse,sports
avalanche,sports
rope team,sports
altitude sickness,sports
base camp,sports
oxygen tank,sports
archery,sports
crossbow,sports
paintball,sports
airsoft,sports
laser tag,sports
orienteering,sports
disc golf,sports
frisbee,sports
ultimate frisbee,sports
footgolf,sports
mini golf,sports
hiking,sports
trekking,sports
backpacking,sports
camping,sports
trail running,sports
biathlon,sports
canoe sprint,sports
kayak slalom,sports
outdoor adventure,sports
geocaching,sports
powerboat racing,sports
hydroplane,sports
drag boat,sports
offshore racing,sports
jet sprint,sports
thundercat racing,sports
canoe polo,sports
surf lifesaving,sports
athletics,sports
sporting event,sports
professional athlete,sports
amateur athlete,sports
collegiate sports,sports
high school sports,sports
varsity,sports
junior varsity,sports
club team,sports
intramural,sports
hall of fame,sports
sports journalism,sports
sports analyst,sports
commentator,sports
play-by-play,sports
color commentator,sports
sideline reporter,sports
sports broadcasting,sports
instant replay,sports
video assistant referee,sports
var,sports
hawk-eye,sports
goal-line technology,sports
electronic timing,sports
transponder,sports
bib number,sports
photo finish,sports
staggered start,sports
pace maker,sports
tempo,sports
lap counter,sports
split time,sports
checkpoint,sports
broadcast rights,sports
sports sponsorship,sports
brand ambassador,sports
sportswear,sports
merchandise,sports
fan memorabilia,sports
mascot costume,sports
cheerleading,sports
cheer squad,sports
pom-poms,sports
choreography,sports
halftime show,sports
pep rally,sports
tunnel run,sports
victory lap,sports
victory formation,sports
celebration,sports
goal celebration,sports
dance cam,sports
kiss cam,sports
jumbotron,sports
nosebleed seats,sports
courtside,sports
ringside,sports
pit lane,sports
box seats,sports
season ticket,sports
membership,sports
fan club,sports
supporters,sports
chant,sports
drumline,sports
marching band,sports
tailgate,sports
pre-game,sports
post-game,sports
press conference,sports
locker room talk,sports
water break,sports
halftime,sports
interval,sports
intermission,sports
timeout,sports
coaches challenge,sports
swim meet,sports
heat,sports
final heat,sports
prelims,sports
quarter,sports
period,sports
inning,sports
top of the inning,sports
bottom of the inning,sports
seventh-inning stretch,sports
overtime period,sports
shootout save,sports
championship ring,sports
medalist,sports
crowning ceremony,sports
torch relay,sports
olympic flame,sports
paralympics,sports
special olympics,sports
world university games,sports
youth olympics,sports
team usa,sports
commonwealth games,sports
pan american games,sports
asian games,sports
african games,sports
european championships,sports
medley relay,sports
individual medley,sports
breaststroke,sports
backstroke,sports
butterfly stroke,sports
freestyle,sports
open water swimming,sports
challenge,sports
hurdle,sports
obstacle course,sports
obstacle race,sports
nordic combined,sports
ice hockey puck,sports
puck drop,sports
powerplay,sports
penalty kill,sports
top shelf,sports
hat trick,sports
playmaker,sports
assist leader,sports
injury time,sports
stoppage time,sports
extra time,sports
goalline clearance,sports
brace,sports
hat-trick,sports
matchday squad,sports
substitute,sports
tactical substitution,sports
formation shift,sports
counterattack,sports
possession,sports
passing accuracy,sports
performance metrics,sports
player rating,sports
dribbling skill,sports
shots on target,sports
ball recovery,sports
tackle success,sports
defensive block,sports
clean sheet,sports
goal difference,sports
league table,sports
fixtures,sports
draft pick,sports
combine,sports
training camp,sports
preseason game,sports
postseason,sports
clinch a spot,sports
wild card,sports
division title,sports
conference title,sports
finals mvp,sports
regular-season mvp,sports
rookie of the year,sports
defensive player of the year,sports
offensive player of the year,sports
comeback player,sports
coaching staff,sports
head coach,sports
assistant coach,sports
offensive coordinator,sports
defensive coordinator,sports
special teams coach,sports
conditioning coach,sports
physiotherapist,sports
club doctor,sports
waterboy,sports
equipment manager,sports
nutritionist,sports
team bus,sports
away game,sports
home game,sports
derby,sports
rivalry,sports
friendly match,sports
international fixture,sports
national team,sports
club level,sports
amateur league,sports
minor league,sports
major league,sports
farm system,sports
scouting report,sports
recruitment,sports
scholarship,sports
walk-on,sports
letterman,sports
all-conference,sports
all-american,sports
record holder,sports
personal record,sports
pb,sports
no-hitter,sports
perfect game,sports
complete game,sports
shutout,sports
save situation,sports
save opportunity,sports
closer,sports
bullpen day,sports
reliever,sports
starting rotation,sports
pitch count,sports
era,sports
batting average,sports
on-base percentage,sports
slugging percentage,sports
ops,sports
sabermetrics,sports
launch angle,sports
exit velocity,sports
golden glove,sports
silver slugger,sports
triple crown,sports
cy young,sports
home run derby,sports
all-star break,sports
all-star weekend,sports
slam dunk contest,sports
three-point contest,sports
skills challenge,sports
celebrity game,sports
rising stars challenge,sports
d-league,sports
g-league,sports
development league,sports
two-way contract,sports
player option,sports
team option,sports
salary cap,sports
luxury tax,sports
free agency,sports
supermax contract,sports
transfer market,sports
release clause,sports
loan deal,sports
buyout,sports
trade deadline,sports
waivers,sports
uefa,sports
conmebol,sports
concacaf,sports
caf,sports
afc,sports
ofc,sports
fifa ranking,sports
uefa nations league,sports
uefa europa league,sports
europa conference league,sports
promotion,sports
relegation,sports
playoff final,sports
aggregate score,sports
away goals rule,sports
penalty shoot-out,sports
spot kick,sports
penalty taker,sports
sudden death penalty,sports
knockout round,sports
buzzer beater,sports
clutch shot,sports
game winner,sports
game tying shot,sports
buzzer,sports
shot clock violation,sports
flagrant foul,sports
technical foul,sports
personal foul,sports
goaltending,sports
basket interference,sports
double team,sports
trap defense,sports
zone press,sports
full-court press,sports
backcourt violation,sports
frontcourt,sports
possession arrow,sports
jump shot,sports
post-up,sports
hook shot,sports
fadeaway,sports
bank shot,sports
free throw line dunk,sports
eurostep,sports
crossover dribble,sports
ankle breaker,sports
pick and roll,sports
pick and pop,sports
isolation play,sports
help defense,sports
box out,sports
rebounding position,sports
fast break point,sports
second-chance points,sports
bench points,sports
plus-minus,sports
player efficiency rating,sports
turnover ratio,sports
depth chart,sports
roster,sports
active roster,sports
inactive list,sports
two-way player,sports
reserve,sports
sixth man,sports
most improved player,sports
sports trophy,sports
silverware,sports
club record,sports
beach soccer,sports
foot volley,sports
wheelchair basketball,sports
paralympic sport,sports
adaptive sport,sports
handcycle,sports
blade runner,sports
sports doping,sports
anabolic steroids,sports
epo,sports
blood doping,sports
masking agent,sports
steroid era,sports
ban,sports
suspension,sports
lifetime ban,sports
reinstatement,sports
appeal,sports
arbitration,sports
sports court,sports
cas,sports
sports law,sports
championship bracket,sports
single elimination,sports
double elimination,sports
round robin,sports
group stage match,sports
pool play,sports
seeded bracket,sports
draw ceremony,sports
tournament director,sports
sports odds,sports
money line,sports
point spread,sports
over-under,sports
prop bet,sports
fantasy sports,sports
fantasy draft,sports
daily fantasy sports,sports
bracket challenge,sports
office pool,sports
march madness,sports
ncaa,sports
final four,sports
frozen four,sports
college world series,sports
heisman trophy,sports
ncaa championship,sports
intramural sports,sports
club sports,sports
varsity sports,sports
pep band,sports
booster club,sports
alumni game,sports
co-ed sports,sports
mini tournament,sports
knockout format,sports
group format,sports
tie-breaker,sports
multi-sport event,sports
benefit match,sports
testimonial match,sports
fundraiser,sports
charity shield,sports
charity event,sports
sports philanthropy,sports
celebrity match,sports
exhibition match,sports
skills showcase,sports
practice squad,sports
scrimmage,sports
spike,sports
kill,sports
dig,sports
bump,sports
volley set,sports
outside hitter,sports
libero,sports
middle blocker,sports
opposite hitter,sports
volleyball rotation,sports
double contact,sports
four hits,sports
foot fault (volleyball),sports
back row attack,sports
overpass,sports
service error,sports
coast guard sports,sports
military sports,sports
armed forces championship,sports
bout,sports
undercard,sports
main event,sports
title fight,sports
weight class,sports
featherweight,sports
lightweight,sports
welterweight,sports
middleweight,sports
light heavyweight,sports
heavyweight,sports
knockout,sports
technical knockout,sports
unanimous decision,sports
split decision,sports
majority decision,sports
draw decision,sports
scorecards,sports
punch stats,sports
octagon control,sports
ground and pound,sports
submission hold,sports
rear-naked choke,sports
armbar,sports
triangle choke,sports
guillotine choke,sports
kimura,sports
leg lock,sports
ankle lock,sports
heel hook,sports
toe hold,sports
takedown defense,sports
takedown attempt,sports
clinch,sports
muay thai clinch,sports
sprawl,sports
cage control,sports
ground game,sports
grappling,sports
striking,sports
stand-up,sports
pound for pound,sports
rankings,sports
title defense,sports
title holder,sports
undisputed champion,sports
interim title,sports
promoter,sports
fight purse,sports
pay-per-view,sports
sports entertainment,sports
wrestling ring,sports
ring ropes,sports
turnbuckle,sports
luchador,sports
submission wrestling,sports
pro wrestling,sports
sports drama,sports
kayfabe,sports
scripted entertainment,sports
sports-based performance,sports
drone racing,sports
esports,sports
virtual sports,sports
fantasy league,sports
sports bar,sports
fan engagement,sports
collectible cards,sports
sports trading card,sports
rookie card,sports
limited edition,sports
autograph,sports
memorabilia show,sports
bobblehead,sports
sports figurine,sports
sports video game,sports
motion capture,sports
sports sim,sports
arcade sports game,sports
manager mode,sports
career mode,sports
franchise mode,sports
online league,sports
online tournament,sports
clan wars,sports
multiplayer online,sports
gaming controller,sports
joystick,sports
esports team,sports
professional gamer,sports
shoutcaster,sports
lan event,sports
bracket seeding,sports
live broadcast,sports
streaming rights,sports
celebrity sports,sports
endorsement deal,sports
global ambassador,sports
football boots,sports
kit sponsor,sports
sports beverage,sports
energy drink sponsor,sports
sports brand,sports
helmet decal,sports
team colors,sports
theme night,sports
fan appreciation,sports
ticket sales,sports
merch stands,sports
concession stand,sports
analysis desk,sports
play review,sports
challenge flag,sports
red flag,sports
coaches poll,sports
power rankings,sports
weekly rankings,sports
performance index,sports
player index rating,sports
sports fundraiser,sports
foundation,sports
charity match,sports
sports career,sports
retirement,sports
hall of fame induction,sports
retired jersey,sports
legacy,sports
statue unveiling,sports
sports documentary,sports
behind the scenes,sports
road to the final,sports
sports biography,sports
all-star cast,sports
sports awards,sports
laureus awards,sports
ballon d'or,sports
the best fifa awards,sports
world athlete of the year,sports
espn espy,sports
best play,sports
best team,sports
best male athlete,sports
best female athlete,sports
lifetime achievement award,sports
sports icon,sports
legend,sports
veteran athlete,sports
rookie sensation,sports
breakout star,sports
young prospect,sports
hometown hero,sports
underdog story,sports
cinderella story,sports
giant killer,sports
shock upset,sports
historic upset,sports
record breaker,sports
unbeaten streak,sports
winning streak,sports
losing streak,sports
draw streak,sports
cup run,sports
giant slayer,sports
fairytale run,sports
dark horse,sports
oddsmaker,sports
long shot,sports
heavy favorite,sports
seeded player,sports
unseeded,sports
qualifier,sports
wildcard entry,sports
open era,sports
laver cup,sports
bjorn borg,sports
rod laver,sports
grand slam champion,sports
serena slam,sports
calendar slam,sports
golden slam,sports
federer era,sports
nadal era,sports
djokovic era,sports
women's tennis,sports
atp tour,sports
wta tour,sports
itf circuit,sports
tennis legends,sports
cat,animals
tiger,animals
rabbit,animals
turtle,animals
eel,animals
lion,animals
narwhal,animals
leopard,animals
dog,animals
giraffe,animals
elephant,animals
toucan,animals
newt,animals
tarantula,animals
armadillo,animals
owl,animals
lizard,animals
deer,animals
raccoon,animals
nightingale,animals
eagle,animals
elk,animals
kangaroo,animals
octopus,animals
sheep,animals
panda,animals
aardvark,animals
koala,animals
alligator,animals
rhinoceros,animals
snake,animals
echidna,animals
ant,animals
turkey,animals
yak,animals
koi,animals
ibex,animals
xerus,animals
seal,animals
platypus,animals
snake,animals
otter,animals
badger,animals
chameleon,animals
bat,animals
wolf,animals
fox,animals
hedgehog,animals
parrot,animals
ostrich,animals
egg,foods
apple,foods
apricot,foods
avocado,foods
banana,foods
blackberry,foods
blueberry,foods
cantaloupe,foods
cherry,foods
coconut,foods
cranberry,foods
date,foods
dragonfruit,foods
durian,foods
fig,foods
gooseberry,foods
grape,foods
grapefruit,foods
guava,foods
jackfruit,foods
kiwi,foods
lemon,foods
lime,foods
lychee,foods
mango,foods
orange,foods
papaya,foods
peach,foods
pear,foods
pineapple,foods
plum,foods
artichoke,foods
arugula,foods
asparagus,foods
beet,foods
bell pepper,foods
bok choy,foods
broccoli,foods
brussels sprouts,foods
cabbage,foods
carrot,foods
cauliflower,foods
celery,foods
collard greens,foods
cucumber,foods
eggplant,foods
garlic,foods
green bean,foods
kale,foods
leek,foods
lettuce,foods
mushroom,foods
okra,foods
onion,foods
parsnip,foods
peas,foods
potato,foods
pumpkin,foods
radish,foods
spinach,foods
zucchini,foods
bacon,foods
beef,foods
brisket,foods
chicken,foods
duck,foods
goat,foods
goose,foods
ground beef,foods
ham,foods
lamb,foods
meatball,foods
meatloaf,foods
pork,foods
pork chop,foods
prosciutto,foods
quail,foods
ribeye,foods
ribs,foods
roast beef,foods
salami,foods
sausage,foods
turkey,foods
venison,foods
veal,foods
pepperoni,foods
chorizo,foods
spam,foods
corned beef,foods
pastrami,foods
bison,foods
anchovy,foods
calamari,foods
catfish,foods
clam,foods
cod,foods
crab,foods
eel,foods
flounder,foods
grouper,foods
haddock,foods
halibut,foods
herring,foods
lobster,foods
mackerel,foods
mussel,foods
octopus,foods
oyster,foods
salmon,foods
sardine,foods
scallop,foods
shrimp,foods
snapper,foods
squid,foods
swordfish,foods
tilapia,foods
trout,foods
tuna,foods
whelk,foods
whitefish,foods
sea bass,foods
butter,foods
buttermilk,foods
cheddar,foods
cheese,foods
cottage cheese,foods
cream cheese,foods
crÃ¨me fraÃ®che,foods
feta,foods
ghee,foods
goat cheese,foods
gouda,foods
half-and-half,foods
heavy cream,foods
ice cream,foods
lactose,foods
margarine,foods
milk,foods
mozzarella,foods
parmesan,foods
provolone,foods
ricotta,foods
skim milk,foods
sour cream,foods
swiss cheese,foods
whipping cream,foods
yogurt,foods
evaporated milk,foods
condensed milk,foods
kefir,foods
cream,foods
bagel,foods
biscuit,foods
bread,foods
brioche,foods
bun,foods
cake,foods
ciabatta,foods
croissant,foods
crumpet,foods
cupcake,foods
danish,foods
donut,foods
eclair,foods
focaccia,foods
loaf,foods
muffin,foods
pastry,foods
pita,foods
pretzel,foods
roll,foods
scone,foods
shortbread,foods
sourdough,foods
strudel,foods
tart,foods
toast,foods
tortilla,foods
wafer,foods
yorkshire pudding,foods
baguette,foods
apple pie,foods
baklava,foods
banana split,foods
brownie,foods
cheesecake,foods
churro,foods
cobbler,foods
crÃ¨me brÃ»lÃ©e,foods
flan,foods
fudge,foods
gelato,foods
gingerbread,foods
ice cream sundae,foods
lemon bar,foods
macaron,foods
mousse,foods
parfait,foods
pavlova,foods
peach cobbler,foods
pie,foods
pudding,foods
sherbet,foods
sorbet,foods
soufflÃ©,foods
sticky toffee pudding,foods
tiramisu,foods
trifle,foods
upside-down cake,foods
waffle cone,foods
milkshake,foods
aioli,foods
barbecue sauce,foods
ketchup,foods
mustard,foods
mayonnaise,foods
relish,foods
hot sauce,foods
soy sauce,foods
fish sauce,foods
hoisin,foods
oyster sauce,foods
teriyaki sauce,foods
sweet chili sauce,foods
sriracha,foods
tartar sauce,foods
cocktail sauce,foods
thousand island,foods
ranch dressing,foods
vinaigrette,foods
salad dressing,foods
gravy,foods
wasabi,foods
horseradish,foods
chimichurri,foods
pesto,foods
tahini,foods
tzatziki,foods
guacamole,foods
hummus,foods
allspice,foods
anise,foods
bay leaf,foods
black pepper,foods
cardamom,foods
cayenne,foods
chili powder,foods
cinnamon,foods
cloves,foods
coriander,foods
cumin,foods
curry powder,foods
fenugreek,foods
garlic powder,foods
ginger,foods
mustard powder,foods
nutmeg,foods
onion powder,foods
paprika,foods
saffron,foods
sumac,foods
star anise,foods
turmeric,foods
white pepper,foods
five-spice,foods
galangal,foods
harissa,foods
za'atar,foods
masala,foods
cajun seasoning,foods
basil,foods
cilantro,foods
parsley,foods
rosemary,foods
thyme,foods
oregano,foods
dill,foods
mint,foods
sage,foods
tarragon,foods
chives,foods
marjoram,foods
bay leaf (herb),foods
lemongrass,foods
lemon balm,foods
lavender,foods
savory,foods
sorrel,foods
stevia,foods
fennel,foods
chamomile,foods
safflower,foods
cress,foods
curry leaves,foods
epazote,foods
holy basil,foods
perilla,foods
lovage,foods
fenugreek leaves,foods
watercress,foods
barley,foods
buckwheat,foods
bulgur,foods
cornmeal,foods
couscous,foods
farro,foods
fonio,foods
freekeh,foods
millet,foods
oats,foods
polenta,foods
quinoa,foods
rice,foods
rye,foods
sorghum,foods
spelt,foods
wheat,foods
wild rice,foods
amaranth,foods
teff,foods
wheat germ,foods
bran,foods
breakfast cereal,foods
muesli,foods
granola,foods
semolina,foods
hominy,foods
barley malt,foods
multigrain,foods
instant oatmeal,foods
baking,foods
blanching,foods
boiling,foods
braising,foods
broiling,foods
sautÃ©ing,foods
frying,foods
deep-frying,foods
stir-frying,foods
grilling,foods
roasting,foods
searing,foods
simmering,foods
steaming,foods
stewing,foods
poaching,foods
pressure cooking,foods
slow cooking,foods
microwaving,foods
dehydrating,foods
marinating,foods
pickling,foods
smoking,foods
sous vide,foods
vacuum sealing,foods
toasting,foods
flambÃ©,foods
candying,foods
curing,foods
confiting,foods
spatula,foods
wooden spoon,foods
ladle,foods
whisk,foods
tongs,foods
colander,foods
sieve,foods
peeler,foods
grater,foods
cutting board,foods
rolling pin,foods
measuring cup,foods
measuring spoon,foods
paring knife,foods
chef's knife,foods
cleaver,foods
bread knife,foods
fillet knife,foods
carving fork,foods
potato masher,foods
can opener,foods
bottle opener,foods
corkscrew,foods
mortar and pestle,foods
zester,foods
kitchen shears,foods
pastry brush,foods
slotted spoon,foods
meat thermometer,foods
egg slicer,foods
italian cuisine,foods
french cuisine,foods
chinese cuisine,foods
japanese cuisine,foods
mexican cuisine,foods
indian cuisine,foods
thai cuisine,foods
vietnamese cuisine,foods
greek cuisine,foods
turkish cuisine,foods
lebanese cuisine,foods
spanish cuisine,foods
portuguese cuisine,foods
brazilian cuisine,foods
argentinian cuisine,foods
moroccan cuisine,foods
ethiopian cuisine,foods
caribbean cuisine,foods
american cuisine,foods
british cuisine,foods
german cuisine,foods
scandinavian cuisine,foods
russian cuisine,foods
polish cuisine,foods
romanian cuisine,foods
hungarian cuisine,foods
persian cuisine,foods
afghan cuisine,foods
korean cuisine,foods
indonesian cuisine,foods
pizza margherita,foods
spaghetti carbonara,foods
lasagna bolognese,foods
ratatouille,foods
coq au vin,foods
beef bourguignon,foods
peking duck,foods
sushi roll,foods
ramen bowl,foods
tacos al pastor,foods
butter chicken,foods
pad thai,foods
pho noodle soup,foods
moussaka,foods
shawarma,foods
paella valenciana,foods
feijoada,foods
ceviche,foods
goulash,foods
kimchi stew,foods
bibimbap,foods
fish and chips,foods
shepherd's pie,foods
hamburgers,foods
hot dog,foods
clam chowder,foods
chili con carne,foods
chicken tikka masala,foods
nasi goreng,foods
fettuccine alfredo,foods
kneading,foods
whipping,foods
beating,foods
folding,foods
creaming,foods
whisking,foods
proofing,foods
dough rising,foods
browning,foods
caramelizing,foods
deglazing,foods
reducing,foods
emulsifying,foods
clarifying,foods
chopping,foods
dicing,foods
mincing,foods
julienning,foods
shredding,foods
slicing,foods
peeling,foods
deboning,foods
filleting,foods
pureeing,foods
skimming,foods
thickening,foods
basting,foods
dredging,foods
breading,foods
plating,foods
savory,foods
sweet,foods
salty,foods
sour,foods
bitter,foods
umami,foods
tangy,foods
spicy,foods
mild,foods
rich,foods
creamy,foods
crunchy,foods
chewy,foods
tender,foods
juicy,foods
crisp,foods
buttery,foods
flaky,foods
moist,foods
succulent,foods
zesty,foods
pungent,foods
earthy,foods
fermented,foods
fizzy,foods
caramelized,foods
smoky,foods
silky,foods
velvety,foods
hearty,foods
calorie,foods
carbohydrate,foods
protein,foods
fat,foods
vitamin,foods
mineral,foods
fiber,foods
antioxidant,foods
amino acid,foods
probiotic,foods
prebiotic,foods
saturated fat,foods
unsaturated fat,foods
cholesterol,foods
trans fat,foods
glycemic index,foods
metabolism,foods
nutrient density,foods
macronutrient,foods
micronutrient,foods
diet,foods
balanced meal,foods
hydration,foods
electrolytes,foods
recommended daily allowance,foods
portion control,foods
calorie deficit,foods
energy intake,foods
nutrient absorption,foods
hypervitaminosis,foods
fermentation,foods
pasteurization,foods
homogenization,foods
emulsification,foods
denaturation,foods
gelatinization,foods
caramelization,foods
maillard reaction,foods
enzymatic browning,foods
rancidity,foods
oxidation,foods
leavening,foods
gluten formation,foods
proofing (science),foods
dehydration,foods
freeze-drying,foods
molecular gastronomy,foods
spherification,foods
hydrocolloid,foods
pectin,foods
agar,foods
xanthan gum,foods
gelling agent,foods
ph scale,foods
food irradiation,foods
thickening agent,foods
stabilizer,foods
synergy,foods
polymerization,foods
collagen,foods
breakfast,foods
brunch,foods
lunch,foods
dinner,foods
supper,foods
snack,foods
potluck,foods
banquet,foods
buffet,foods
picnic,foods
barbecue,foods
tailgate party,foods
tea time,foods
coffee break,foods
feast,foods
tasting menu,foods
coursed meal,foods
aperitif,foods
hors d'oeuvre,foods
amuse-bouche,foods
midnight snack,foods
dessert course,foods
supper club,foods
high tea,foods
sunday roast,foods
dim sum,foods
tapas night,foods
happy hour,foods
tasting event,foods
festival,foods
Afghanistan,countries
Albania,countries
Algeria,countries
Andorra,countries
Angola,countries
Antigua,countries
Argentina,countries
Armenia,countries
Australia,countries
Austria,countries
Azerbaijan,countries
Bahamas,countries
Bahrain,countries
Bangladesh,countries
Barbados,countries
Belarus,countries
Belgium,countries
Belize,countries
Benin,countries
Bhutan,countries
Bolivia,countries
Bosnia,countries
Botswana,countries
Brazil,countries
Brunei,countries
Bulgaria,countries
Burkina Faso,countries
Burundi,countries
Côte d'Ivoire,countries
Cabo Verde,countries
Cambodia,countries
Cameroon,countries
Canada,countries
Central African Republic,countries
Chad,countries
Chile,countries
China,countries
Colombia,countries
Comoros,countries
Congo,countries
Costa Rica,countries
Croatia,countries
Cuba,countries
Cyprus,countries
Czech Republic,countries
Democratic Republic of the Congo,countries
Denmark,countries
Djibouti,countries
Dominica,countries
Dominican Republic,countries
Ecuador,countries
Egypt,countries
El Salvador,countries
Equatorial Guinea,countries
Eritrea,countries
Estonia,countries
Eswatini,countries
Ethiopia,countries
Fiji,countries
Finland,countries
France,countries
Gabon,countries
Gambia,countries
Georgia,countries
Germany,countries
Ghana,countries
Greece,countries
Grenada,countries
Guatemala,countries
Guinea,countries
Guinea-Bissau,countries
Guyana,countries
Haiti,countries
Holy See,countries
Honduras,countries
Hungary,countries
Iceland,countries
India,countries
Indonesia,countries
Iran,countries
Iraq,countries
Ireland,countries
Israel,countries
Italy,countries
Jamaica,countries
Japan,countries
Jordan,countries
Kazakhstan,countries
Kenya,countries
Kiribati,countries
Kuwait,countries
Kyrgyzstan,countries
Laos,countries
Latvia,countries
Lebanon,countries
Lesotho,countries
Liberia,countries
Libya,countries
Liechtenstein,countries
Lithuania,countries
Luxembourg,countries
Madagascar,countries
Malawi,countries
Malaysia,countries
Maldives,countries
Mali,countries
Malta,countries
Marshall Islands,countries
Mauritania,countries
Mauritius,countries
Mexico,countries
Micronesia,countries
Moldova,countries
Monaco,countries
Mongolia,countries
Montenegro,countries
Morocco,countries
Mozambique,countries
Myanmar,countries
Namibia,countries
Nauru,countries
Nepal,countries
Netherlands,countries
New Zealand,countries
Nicaragua,countries
Niger,countries
Nigeria,countries
North Korea,countries
North Macedonia,countries
Norway,countries
Oman,countries
Pakistan,countries
Palau,countries
Palestine State,countries
Panama,countries
Papua New Guinea,countries
Paraguay,countries
Peru,countries
Philippines,countries
Poland,countries
Portugal,countries
Qatar,countries
Romania,countries
Russia,countries
Rwanda,countries
Saint Kitts and Nevis,countries
Saint Lucia,countries
Saint Vincent and the Grenadines,countries
Samoa,countries
San Marino,countries
Sao Tome and Principe,countries
Saudi Arabia,countries
Senegal,countries
Serbia,countries
Seychelles,countries
Sierra Leone,countries
Singapore,countries
Slovakia,countries
Slovenia,countries
Solomon Islands,countries
Somalia,countries
South Africa,countries
South Korea,countries
South Sudan,countries
Spain,countries
Sri Lanka,countries
Sudan,countries
Suriname,countries
Sweden,countries
Switzerland,countries
Syria,countries
Tajikistan,countries
Tanzania,countries
Thailand,countries
Timor-Leste,countries
Togo,countries
Tonga,countries
Trinidad,countries
Tunisia,countries
Turkey,countries
Turkmenistan,countries
Tuvalu,countries
Uganda,countries
Ukraine,countries
United Arab Emirates,countries
United Kingdom,countries
United States of America,countries
Uruguay,countries
Uzbekistan,countries
Vanuatu,countries
Venezuela,countries
Vietnam,countries
Yemen,countries
Zambia,countries
Zimbabwe,countries
USA,countries
UK,countries
england,countries
scotland,countries
wales,countries
northern ireland,countries
ireland,countries
